epoch,accuracy,loss,val_accuracy,val_loss
0,0.9407898783683777,0.11187473684549332,0.9999046325683594,0.0019395069684833288
1,0.7825155854225159,0.3385438323020935,0.9999237060546875,0.13598178327083588
